<?xml version="1.0" encoding="UTF-8"?>
<!DOCTYPE suite SYSTEM "https://testng.org/testng-1.0.dtd">
<suite name="Suite" thread-count="5" parallel="tests">
  
  <listeners>
		<listener class-name="utilities.ExtentReportManager" />
  </listeners>
	
  <test name="chrometest">
   	<parameter name="os" value="Windows" />
  	<parameter name="browser"  value="chrome"/>  
    <classes>
			<class name="testCases.TC_001_AccountRegistrationTest" />
			<class name="testCases.TC_002_LoginTest" />
		    <class name="testCases.TC_004_SearchProductTest" />
			<class name="testCases.TC_005_AddToCartPageTest" />
			<class name="testCases.TC_006_EndToEndTest" />
		</classes>
  </test> 
  
  <test name="edgetest">
   	<parameter name="os" value="Windows" />
  	<parameter name="browser"  value="edge"/>  
    <classes>
			<class name="testCases.TC_001_AccountRegistrationTest" />
			<class name="testCases.TC_002_LoginTest" />
			<class name="testCases.TC_004_SearchProductTest" />
			<class name="testCases.TC_005_AddToCartPageTest" />
			<class name="testCases.TC_006_EndToEndTest" />
		</classes>
  </test> 
  
  
</suite> <!-- Suite -->
